<?xml version="1.0" encoding="UTF-8"?>
<project-private xmlns="http://www.netbeans.org/ns/project-private/1">
    <editor-bookmarks xmlns="http://www.netbeans.org/ns/editor-bookmarks/2" lastBookmarkId="0"/>
    <open-files xmlns="http://www.netbeans.org/ns/projectui-open-files/2">
        <group>
            <file>file:/C:/Users/MSI/Desktop/entrega/ProyectoUniversidad/src/views/jfEliminarCurso1.java</file>
            <file>file:/C:/Users/MSI/Desktop/entrega/ProyectoUniversidad/src/views/jfCursos.java</file>
            <file>file:/C:/Users/MSI/Desktop/entrega/ProyectoUniversidad/src/proyectouniversidad/ProyectoUniversidad.java</file>
            <file>file:/C:/Users/MSI/Desktop/entrega/ProyectoUniversidad/src/controllers/cursosController.java</file>
            <file>file:/C:/Users/MSI/Desktop/entrega/ProyectoUniversidad/src/configuration/dbConfig.java</file>
            <file>file:/C:/Users/MSI/Desktop/entrega/ProyectoUniversidad/src/views/jfEditarCurso.java</file>
            <file>file:/C:/Users/MSI/Desktop/entrega/ProyectoUniversidad/src/views/jfInsertarCurso.java</file>
            <file>file:/C:/Users/MSI/Desktop/entrega/ProyectoUniversidad/src/models/cursos.java</file>
            <file>file:/C:/Users/MSI/Desktop/entrega/ProyectoUniversidad/src/configuration/Connection.java</file>
        </group>
    </open-files>
</project-private>
